fileName, methodName,cfe6afadc81b72449c8b0cb96d51aa57f7a593b8, cfe6afadc81b72449c8b0cb96d51aa57f7a593b7, 0ffc637a33164dd219a6fbbb7210db84779c700a, daa46e409f29cd21f9b3a9036fd858c3c21e564f, 61994e0c0aa768b43fad1ac6e35b1e43ffc8b142, 54d6e949e952100a3aea5d2bfb18ef26d39e28e8
C://projectName/src/org/junit/AssumptionViolatedExceptionTest.java,testComparisonErrorOverlapingMatches(),
C://projectName/src/org/junit/tests/assertion/MultipleFailureExceptionTest.java,teste2(number int, name String)),
C://projectName/src/org/junit/AssumptionViolatedExceptionTest.java,assumptionViolatedExceptionWithMatcherDescribesItself(), 
C://projectName/src/org/junit/tests/running/classes/ParameterizedTestTest.java,countWithParameterizedField()
C://projectName/src/org/junit/tests/assertion/MultipleFailureExceptionTest.java,test(),
C://projectName/src/org/junit/tests/assertion/MultipleFailureExceptionTest.java,test3(),
C://projectName/src/org/junit/AssumptionViolatedExceptionTest.java,assumptionViolatedExceptionWithMatcherDescribesItself2(), 
C://projectName/src/org/junit/tests/running/classes/ParameterizedTestTest.java,countWithParameterizedField(),
C://projectName/src/org/junit/tests/running/classes/ParameterizedTestTest.java,providesDataByAnnotatedFields(),
